	InFileName	Input	OutFileName	Output
0	chunked/Input/Ger-01.wav	[-602.9363 -602.9363 -602.9363 ...    0.        0.        0.    ]	chunked/Output/Eng-01.wav	[-547.9988 -547.9988 -547.9988 ...    0.        0.        0.    ]
1	chunked/Input/Ger-02.wav	[-592.48755 -592.48755 -592.48755 ...    0.         0.         0.     ]	chunked/Output/Eng-02.wav	[-547.1274 -547.1274 -547.1274 ...    0.        0.        0.    ]
2	chunked/Input/Ger-03.wav	[-567.9968 -567.9968 -567.9968 ...    0.        0.        0.    ]	chunked/Output/Eng-03.wav	[-529.286 -529.286 -529.286 ...    0.       0.       0.   ]
3	chunked/Input/Ger-04.wav	[-531.93097 -531.93097 -531.93097 ...    0.         0.         0.     ]	chunked/Output/Eng-04.wav	[-502.68222 -502.68222 -502.68222 ...    0.         0.         0.     ]
4	chunked/Input/Ger-05.wav	[-525.99677 -525.99677 -525.99677 ...    0.         0.         0.     ]	chunked/Output/Eng-05.wav	[-515.11304 -515.11304 -515.11304 ...    0.         0.         0.     ]
5	chunked/Input/Ger-06.wav	[-569.6913 -569.6913 -569.6913 ...    0.        0.        0.    ]	chunked/Output/Eng-06.wav	[-593.32544 -593.32544 -593.32544 ...    0.         0.         0.     ]
6	chunked/Input/Ger-07.wav	[-547.652 -547.652 -547.652 ...    0.       0.       0.   ]	chunked/Output/Eng-07.wav	[-524.48895 -524.48895 -524.48895 ...    0.         0.         0.     ]
7	chunked/Input/Ger-08.wav	[-498.04272 -498.04272 -498.04272 ...    0.         0.         0.     ]	chunked/Output/Eng-08.wav	[-520.9683 -520.9683 -520.9683 ...    0.        0.        0.    ]
8	chunked/Input/Ger-09.wav	[-546.60474 -546.60474 -546.60474 ...    0.         0.         0.     ]	chunked/Output/Eng-09.wav	[-502.0151 -502.0151 -502.0151 ...    0.        0.        0.    ]
9	chunked/Input/Ger-10.wav	[-526.36224 -526.36224 -526.36224 ...    0.         0.         0.     ]	chunked/Output/Eng-10.wav	[-560.22327 -560.22327 -560.22327 ...    0.         0.         0.     ]
10	chunked/Input/Ger-100.wav	[-518.0482 -518.0482 -518.0482 ...    0.        0.        0.    ]	chunked/Output/Eng-100.wav	[-514.1415 -514.1415 -514.1415 ...    0.        0.        0.    ]
11	chunked/Input/Ger-101.wav	[-651.6684 -651.6684 -651.6684 ...    0.        0.        0.    ]	chunked/Output/Eng-101.wav	[-651.44507 -651.44507 -651.44507 ...    0.         0.         0.     ]
12	chunked/Input/Ger-102.wav	[-577.06903 -577.06903 -577.06903 ...    0.         0.         0.     ]	chunked/Output/Eng-102.wav	[-586.23724 -586.23724 -586.23724 ...    0.         0.         0.     ]
13	chunked/Input/Ger-103.wav	[-558.7093 -558.7093 -558.7093 ...    0.        0.        0.    ]	chunked/Output/Eng-103.wav	[-525.74097 -525.74097 -525.74097 ...    0.         0.         0.     ]
14	chunked/Input/Ger-104.wav	[-518.7512 -518.7512 -518.7512 ...    0.        0.        0.    ]	chunked/Output/Eng-104.wav	[-550.2831 -550.2831 -550.2831 ...    0.        0.        0.    ]
15	chunked/Input/Ger-105.wav	[-540.60675 -540.60675 -540.60675 ...    0.         0.         0.     ]	chunked/Output/Eng-105.wav	[-565.15326 -565.15326 -565.15326 ...    0.         0.         0.     ]
16	chunked/Input/Ger-106.wav	[-542.8941 -542.8941 -542.8941 ...    0.        0.        0.    ]	chunked/Output/Eng-106.wav	[-560.5974 -560.5974 -560.5974 ...    0.        0.        0.    ]
17	chunked/Input/Ger-107.wav	[-568.58655 -568.58655 -568.58655 ...    0.         0.         0.     ]	chunked/Output/Eng-107.wav	[-546.70905 -546.70905 -546.70905 ...    0.         0.         0.     ]
18	chunked/Input/Ger-108.wav	[-579.2552 -579.2552 -579.2552 ...    0.        0.        0.    ]	chunked/Output/Eng-108.wav	[-554.7577 -554.7577 -554.7577 ...    0.        0.        0.    ]
19	chunked/Input/Ger-109.wav	[-568.0281 -568.0281 -568.0281 ...    0.        0.        0.    ]	chunked/Output/Eng-109.wav	[-539.1294 -539.1294 -539.1294 ...    0.        0.        0.    ]
20	chunked/Input/Ger-11.wav	[-560.71014 -560.71014 -560.71014 ...    0.         0.         0.     ]	chunked/Output/Eng-11.wav	[-585.5138 -585.5138 -585.5138 ...    0.        0.        0.    ]
21	chunked/Input/Ger-110.wav	[-590.4652 -590.4652 -590.4652 ...    0.        0.        0.    ]	chunked/Output/Eng-110.wav	[-531.5553 -531.5553 -531.5553 ...    0.        0.        0.    ]
22	chunked/Input/Ger-111.wav	[-568.23517 -568.23517 -568.23517 ...    0.         0.         0.     ]	chunked/Output/Eng-111.wav	[-561.075 -561.075 -561.075 ...    0.       0.       0.   ]
23	chunked/Input/Ger-112.wav	[-578.158 -578.158 -578.158 ...    0.       0.       0.   ]	chunked/Output/Eng-112.wav	[-544.0966 -544.0966 -544.0966 ...    0.        0.        0.    ]
24	chunked/Input/Ger-113.wav	[-565.9413 -565.9413 -565.9413 ...    0.        0.        0.    ]	chunked/Output/Eng-113.wav	[-541.14984 -541.14984 -541.14984 ...    0.         0.         0.     ]
25	chunked/Input/Ger-114.wav	[-586.5283 -586.5283 -586.5283 ...    0.        0.        0.    ]	chunked/Output/Eng-114.wav	[-251.32304 -153.08452 -114.49427 ...    0.         0.         0.     ]
26	chunked/Input/Ger-115.wav	[-549.311 -549.311 -549.311 ...    0.       0.       0.   ]	chunked/Output/Eng-115.wav	[-509.7928 -509.7928 -509.7928 ...    0.        0.        0.    ]
27	chunked/Input/Ger-116.wav	[-571.46295 -571.46295 -571.46295 ...    0.         0.         0.     ]	chunked/Output/Eng-116.wav	[-527.5381 -527.5381 -527.5381 ...    0.        0.        0.    ]
28	chunked/Input/Ger-117.wav	[-550.5448 -550.5448 -550.5448 ...    0.        0.        0.    ]	chunked/Output/Eng-117.wav	[-509.3011 -509.3011 -509.3011 ...    0.        0.        0.    ]
29	chunked/Input/Ger-118.wav	[-577.87866 -577.87866 -577.87866 ...    0.         0.         0.     ]	chunked/Output/Eng-118.wav	[-562.5526 -562.5526 -562.5526 ...    0.        0.        0.    ]
30	chunked/Input/Ger-119.wav	[-573.17426 -573.17426 -573.17426 ...    0.         0.         0.     ]	chunked/Output/Eng-119.wav	[-504.7657 -504.7657 -504.7657 ...    0.        0.        0.    ]
31	chunked/Input/Ger-12.wav	[-555.2437 -555.2437 -555.2437 ...    0.        0.        0.    ]	chunked/Output/Eng-12.wav	[-489.12698 -489.12698 -489.12698 ...    0.         0.         0.     ]
32	chunked/Input/Ger-120.wav	[-596.2135 -596.2135 -596.2135 ...    0.        0.        0.    ]	chunked/Output/Eng-120.wav	[-485.61722 -485.61722 -485.61722 ...    0.         0.         0.     ]
33	chunked/Input/Ger-121.wav	[-528.9911 -528.9911 -528.9911 ...    0.        0.        0.    ]	chunked/Output/Eng-121.wav	[-508.73962 -508.73962 -508.73962 ...    0.         0.         0.     ]
34	chunked/Input/Ger-122.wav	[-600.73224 -600.73224 -600.73224 ...    0.         0.         0.     ]	chunked/Output/Eng-122.wav	[-534.1224 -534.1224 -534.1224 ...    0.        0.        0.    ]
35	chunked/Input/Ger-123.wav	[-575.0896 -575.0896 -575.0896 ...    0.        0.        0.    ]	chunked/Output/Eng-123.wav	[-550.8125 -550.8125 -550.8125 ...    0.        0.        0.    ]
36	chunked/Input/Ger-124.wav	[-559.0222 -559.0222 -559.0222 ...    0.        0.        0.    ]	chunked/Output/Eng-124.wav	[-547.585 -547.585 -547.585 ...    0.       0.       0.   ]
37	chunked/Input/Ger-125.wav	[-531.1728 -531.1728 -531.1728 ...    0.        0.        0.    ]	chunked/Output/Eng-125.wav	[-559.9771 -559.9771 -559.9771 ...    0.        0.        0.    ]
38	chunked/Input/Ger-126.wav	[-560.95917 -560.95917 -560.95917 ...    0.         0.         0.     ]	chunked/Output/Eng-126.wav	[-529.1453 -529.1453 -529.1453 ...    0.        0.        0.    ]
39	chunked/Input/Ger-127.wav	[-555.96216 -555.96216 -555.96216 ...    0.         0.         0.     ]	chunked/Output/Eng-127.wav	[-541.677 -541.677 -541.677 ...    0.       0.       0.   ]
40	chunked/Input/Ger-128.wav	[-548.23456 -548.23456 -548.23456 ...    0.         0.         0.     ]	chunked/Output/Eng-128.wav	[-535.55646 -535.55646 -535.55646 ...    0.         0.         0.     ]
41	chunked/Input/Ger-129.wav	[-533.532 -533.532 -533.532 ...    0.       0.       0.   ]	chunked/Output/Eng-129.wav	[-594.19354 -594.19354 -594.19354 ...    0.         0.         0.     ]
42	chunked/Input/Ger-13.wav	[-572.6901 -572.6901 -572.6901 ...    0.        0.        0.    ]	chunked/Output/Eng-13.wav	[-489.27982 -489.27982 -489.27982 ...    0.         0.         0.     ]
43	chunked/Input/Ger-130.wav	[-549.11456 -549.11456 -549.11456 ...    0.         0.         0.     ]	chunked/Output/Eng-130.wav	[-547.09235 -547.09235 -547.09235 ...    0.         0.         0.     ]
44	chunked/Input/Ger-131.wav	[-489.65125 -489.65125 -489.65125 ...    0.         0.         0.     ]	chunked/Output/Eng-131.wav	[-562.93536 -562.93536 -562.93536 ...    0.         0.         0.     ]
45	chunked/Input/Ger-132.wav	[-520.3085 -520.3085 -520.3085 ...    0.        0.        0.    ]	chunked/Output/Eng-132.wav	"[-390.81924   -223.12926   -138.2413    ...    4.921356     5.2568007
    3.828755 ]"
46	chunked/Input/Ger-133.wav	[-553.1398 -553.1398 -553.1398 ...    0.        0.        0.    ]	chunked/Output/Eng-133.wav	[-558.3046 -558.3046 -558.3046 ...    0.        0.        0.    ]
47	chunked/Input/Ger-134.wav	[-543.23773 -543.23773 -543.23773 ...    0.         0.         0.     ]	chunked/Output/Eng-134.wav	[-558.6979 -558.6979 -558.6979 ...    0.        0.        0.    ]
48	chunked/Input/Ger-135.wav	[-573.0344 -573.0344 -573.0344 ...    0.        0.        0.    ]	chunked/Output/Eng-135.wav	[-544.9204 -544.9204 -544.9204 ...    0.        0.        0.    ]
49	chunked/Input/Ger-136.wav	[-530.69147 -530.69147 -530.69147 ...    0.         0.         0.     ]	chunked/Output/Eng-136.wav	[-577.63983 -577.63983 -577.63983 ...    0.         0.         0.     ]
50	chunked/Input/Ger-137.wav	[-574.88806 -574.88806 -574.88806 ...    0.         0.         0.     ]	chunked/Output/Eng-137.wav	[-525.7894 -525.7894 -525.7894 ...    0.        0.        0.    ]
51	chunked/Input/Ger-138.wav	[-532.4136 -532.4136 -532.4136 ...    0.        0.        0.    ]	chunked/Output/Eng-138.wav	[-532.1184 -532.1184 -532.1184 ...    0.        0.        0.    ]
52	chunked/Input/Ger-139.wav	[-543.42285 -543.42285 -543.42285 ...    0.         0.         0.     ]	chunked/Output/Eng-139.wav	[-531.2014 -531.2014 -531.2014 ...    0.        0.        0.    ]
53	chunked/Input/Ger-14.wav	[-520.0699 -520.0699 -520.0699 ...    0.        0.        0.    ]	chunked/Output/Eng-14.wav	[-541.6337 -541.6337 -541.6337 ...    0.        0.        0.    ]
54	chunked/Input/Ger-140.wav	[-505.8618 -505.8618 -505.8618 ...    0.        0.        0.    ]	chunked/Output/Eng-140.wav	[-552.1818 -552.1818 -552.1818 ...    0.        0.        0.    ]
55	chunked/Input/Ger-141.wav	[-617.51984 -617.51984 -617.51984 ...    0.         0.         0.     ]	chunked/Output/Eng-141.wav	[-667.34265 -667.34265 -667.34265 ...    0.         0.         0.     ]
56	chunked/Input/Ger-142.wav	[-563.84875 -563.84875 -563.84875 ...    0.         0.         0.     ]	chunked/Output/Eng-142.wav	[-535.27997 -535.27997 -535.27997 ...    0.         0.         0.     ]
57	chunked/Input/Ger-143.wav	[-540.7395 -540.7395 -540.7395 ...    0.        0.        0.    ]	chunked/Output/Eng-143.wav	[-546.231 -546.231 -546.231 ...    0.       0.       0.   ]
58	chunked/Input/Ger-144.wav	[-521.5459 -521.5459 -521.5459 ...    0.        0.        0.    ]	chunked/Output/Eng-144.wav	[-515.2352 -515.2352 -515.2352 ...    0.        0.        0.    ]
59	chunked/Input/Ger-145.wav	[-589.95905 -589.95905 -589.95905 ...    0.         0.         0.     ]	chunked/Output/Eng-145.wav	[-534.3314 -534.3314 -534.3314 ...    0.        0.        0.    ]
60	chunked/Input/Ger-146.wav	[-587.45215 -587.45215 -587.45215 ...    0.         0.         0.     ]	chunked/Output/Eng-146.wav	[-545.4311 -545.4311 -545.4311 ...    0.        0.        0.    ]
61	chunked/Input/Ger-147.wav	[-574.39844 -574.39844 -574.39844 ...    0.         0.         0.     ]	chunked/Output/Eng-147.wav	[-508.06192 -508.06192 -508.06192 ...    0.         0.         0.     ]
62	chunked/Input/Ger-148.wav	[-586.0582 -586.0582 -586.0582 ...    0.        0.        0.    ]	chunked/Output/Eng-148.wav	[-521.4139 -521.4139 -521.4139 ...    0.        0.        0.    ]
63	chunked/Input/Ger-149.wav	[-541.1183 -541.1183 -541.1183 ...    0.        0.        0.    ]	chunked/Output/Eng-149.wav	[-536.402 -536.402 -536.402 ...    0.       0.       0.   ]
64	chunked/Input/Ger-15.wav	[-543.3838 -543.3838 -543.3838 ...    0.        0.        0.    ]	chunked/Output/Eng-15.wav	[-538.3825 -538.3825 -538.3825 ...    0.        0.        0.    ]
65	chunked/Input/Ger-150.wav	[-540.70715 -540.70715 -540.70715 ...    0.         0.         0.     ]	chunked/Output/Eng-150.wav	[-524.3153 -524.3153 -524.3153 ...    0.        0.        0.    ]
66	chunked/Input/Ger-151.wav	[-592.4521 -592.4521 -592.4521 ...    0.        0.        0.    ]	chunked/Output/Eng-151.wav	[-533.2629 -533.2629 -533.2629 ...    0.        0.        0.    ]
67	chunked/Input/Ger-152.wav	[-587.7515 -587.7515 -587.7515 ...    0.        0.        0.    ]	chunked/Output/Eng-152.wav	[-531.8949 -531.8949 -531.8949 ...    0.        0.        0.    ]
68	chunked/Input/Ger-153.wav	[-608.1316 -608.1316 -608.1316 ...    0.        0.        0.    ]	chunked/Output/Eng-153.wav	[-514.8623 -514.8623 -514.8623 ...    0.        0.        0.    ]
69	chunked/Input/Ger-154.wav	[-584.26587 -584.26587 -584.26587 ...    0.         0.         0.     ]	chunked/Output/Eng-154.wav	[-537.3404 -537.3404 -537.3404 ...    0.        0.        0.    ]
70	chunked/Input/Ger-155.wav	[-546.95044 -546.95044 -546.95044 ...    0.         0.         0.     ]	chunked/Output/Eng-155.wav	[-539.2323 -539.2323 -539.2323 ...    0.        0.        0.    ]
71	chunked/Input/Ger-156.wav	[-538.8879 -538.8879 -538.8879 ...    0.        0.        0.    ]	chunked/Output/Eng-156.wav	[-503.36206 -503.36206 -503.36206 ...    0.         0.         0.     ]
72	chunked/Input/Ger-157.wav	[-549.4959 -549.4959 -549.4959 ...    0.        0.        0.    ]	chunked/Output/Eng-157.wav	[-544.39453 -544.39453 -544.39453 ...    0.         0.         0.     ]
73	chunked/Input/Ger-158.wav	[-474.1748  -213.28755 -100.05408 ...    0.         0.         0.     ]	chunked/Output/Eng-158.wav	[-564.6872 -564.6872 -564.6872 ...    0.        0.        0.    ]
74	chunked/Input/Ger-159.wav	"[-518.9229    -515.1442    -513.0259    ...    6.6883163    6.2734375
    6.511631 ]"	chunked/Output/Eng-159.wav	[-558.9206 -558.9206 -558.9206 ...    0.        0.        0.    ]
75	chunked/Input/Ger-16.wav	[-532.54913 -532.54913 -532.54913 ...    0.         0.         0.     ]	chunked/Output/Eng-16.wav	[-526.5852 -526.5852 -526.5852 ...    0.        0.        0.    ]
76	chunked/Input/Ger-160.wav	"[-4.5646884e+02 -1.8916081e+02 -8.6981934e+01 ...  2.6829920e+00
  5.6307602e+00 -3.2484889e-02]"	chunked/Output/Eng-160.wav	[-533.0796 -533.0796 -533.0796 ...    0.        0.        0.    ]
77	chunked/Input/Ger-161.wav	[-483.14398 -483.14398 -483.14398 ...    0.         0.         0.     ]	chunked/Output/Eng-161.wav	[-478.66397 -478.66397 -478.66397 ...    0.         0.         0.     ]
78	chunked/Input/Ger-162.wav	[-558.3626 -558.3626 -558.3626 ...    0.        0.        0.    ]	chunked/Output/Eng-162.wav	[-509.05743 -509.05743 -509.05743 ...    0.         0.         0.     ]
79	chunked/Input/Ger-163.wav	[-499.9414 -499.9414 -499.9414 ...    0.        0.        0.    ]	chunked/Output/Eng-163.wav	[-538.72095 -538.72095 -538.72095 ...    0.         0.         0.     ]
80	chunked/Input/Ger-164.wav	[-506.09738 -506.09738 -506.09738 ...    0.         0.         0.     ]	chunked/Output/Eng-164.wav	[-533.57684 -533.57684 -533.57684 ...    0.         0.         0.     ]
81	chunked/Input/Ger-165.wav	[-512.50134 -512.50134 -512.50134 ...    0.         0.         0.     ]	chunked/Output/Eng-165.wav	[-549.4606 -549.4606 -549.4606 ...    0.        0.        0.    ]
82	chunked/Input/Ger-166.wav	[-524.9802 -524.9802 -524.9802 ...    0.        0.        0.    ]	chunked/Output/Eng-166.wav	[-582.0799 -582.0799 -582.0799 ...    0.        0.        0.    ]
83	chunked/Input/Ger-167.wav	[-595.16156 -595.16156 -595.16156 ...    0.         0.         0.     ]	chunked/Output/Eng-167.wav	[-620.3486 -620.3486 -620.3486 ...    0.        0.        0.    ]
84	chunked/Input/Ger-168.wav	[-552.9473 -552.9473 -552.9473 ...    0.        0.        0.    ]	chunked/Output/Eng-168.wav	[-633.0164 -633.0164 -633.0164 ...    0.        0.        0.    ]
85	chunked/Input/Ger-169.wav	[-523.3471 -523.3471 -523.3471 ...    0.        0.        0.    ]	chunked/Output/Eng-169.wav	[-513.30426 -513.30426 -513.30426 ...    0.         0.         0.     ]
86	chunked/Input/Ger-17.wav	[-563.24774 -563.24774 -563.24774 ...    0.         0.         0.     ]	chunked/Output/Eng-17.wav	[-568.84125 -568.84125 -568.84125 ...    0.         0.         0.     ]
87	chunked/Input/Ger-170.wav	[-544.6874 -544.6874 -544.6874 ...    0.        0.        0.    ]	chunked/Output/Eng-170.wav	[-526.7189 -526.7189 -526.7189 ...    0.        0.        0.    ]
88	chunked/Input/Ger-171.wav	[-526.2269 -526.2269 -526.2269 ...    0.        0.        0.    ]	chunked/Output/Eng-171.wav	[-510.1353 -510.1353 -510.1353 ...    0.        0.        0.    ]
89	chunked/Input/Ger-172.wav	[-498.22693 -498.22693 -498.22693 ...    0.         0.         0.     ]	chunked/Output/Eng-172.wav	[-543.2976 -543.2976 -543.2976 ...    0.        0.        0.    ]
90	chunked/Input/Ger-173.wav	[-489.2055 -489.2055 -489.2055 ...    0.        0.        0.    ]	chunked/Output/Eng-173.wav	[-508.14673 -508.14673 -508.14673 ...    0.         0.         0.     ]
91	chunked/Input/Ger-174.wav	[-493.83182 -493.83182 -493.83182 ...    0.         0.         0.     ]	chunked/Output/Eng-174.wav	[-506.40753 -506.40753 -506.40753 ...    0.         0.         0.     ]
92	chunked/Input/Ger-175.wav	[-520.1252 -520.1252 -520.1252 ...    0.        0.        0.    ]	chunked/Output/Eng-175.wav	[-519.4917 -519.4917 -519.4917 ...    0.        0.        0.    ]
93	chunked/Input/Ger-176.wav	[-556.327 -556.327 -556.327 ...    0.       0.       0.   ]	chunked/Output/Eng-176.wav	[-569.1126 -569.1126 -569.1126 ...    0.        0.        0.    ]
94	chunked/Input/Ger-177.wav	[-537.0068 -537.0068 -537.0068 ...    0.        0.        0.    ]	chunked/Output/Eng-177.wav	[-534.4469 -534.4469 -534.4469 ...    0.        0.        0.    ]
95	chunked/Input/Ger-178.wav	[-506.0512 -506.0512 -506.0512 ...    0.        0.        0.    ]	chunked/Output/Eng-178.wav	[-539.3363 -539.3363 -539.3363 ...    0.        0.        0.    ]
96	chunked/Input/Ger-179.wav	[-524.00366 -524.00366 -524.00366 ...    0.         0.         0.     ]	chunked/Output/Eng-179.wav	[-517.3204 -517.3204 -517.3204 ...    0.        0.        0.    ]
97	chunked/Input/Ger-18.wav	[-537.1238 -537.1238 -537.1238 ...    0.        0.        0.    ]	chunked/Output/Eng-18.wav	[-559.02295 -559.02295 -559.02295 ...    0.         0.         0.     ]
98	chunked/Input/Ger-180.wav	[-502.4087 -502.4087 -502.4087 ...    0.        0.        0.    ]	chunked/Output/Eng-180.wav	[-550.5511 -550.5511 -550.5511 ...    0.        0.        0.    ]
99	chunked/Input/Ger-181.wav	[-576.71875 -576.71875 -576.71875 ...    0.         0.         0.     ]	chunked/Output/Eng-181.wav	[-544.80774 -544.80774 -544.80774 ...    0.         0.         0.     ]
100	chunked/Input/Ger-182.wav	[-577.6456 -577.6456 -577.6456 ...    0.        0.        0.    ]	chunked/Output/Eng-182.wav	[-566.0194 -566.0194 -566.0194 ...    0.        0.        0.    ]
101	chunked/Input/Ger-183.wav	[-516.2408 -516.2408 -516.2408 ...    0.        0.        0.    ]	chunked/Output/Eng-183.wav	[-517.31116 -517.31116 -517.31116 ...    0.         0.         0.     ]
102	chunked/Input/Ger-184.wav	[-545.13983 -545.13983 -545.13983 ...    0.         0.         0.     ]	chunked/Output/Eng-184.wav	[-539.62506 -539.62506 -539.62506 ...    0.         0.         0.     ]
103	chunked/Input/Ger-185.wav	[-567.2611 -567.2611 -567.2611 ...    0.        0.        0.    ]	chunked/Output/Eng-185.wav	[-503.10025 -503.10025 -503.10025 ...    0.         0.         0.     ]
104	chunked/Input/Ger-186.wav	[-579.4656 -579.4656 -579.4656 ...    0.        0.        0.    ]	chunked/Output/Eng-186.wav	[-545.97705 -545.97705 -545.97705 ...    0.         0.         0.     ]
105	chunked/Input/Ger-187.wav	[-540.77673 -540.77673 -540.77673 ...    0.         0.         0.     ]	chunked/Output/Eng-187.wav	[-545.5673 -545.5673 -545.5673 ...    0.        0.        0.    ]
106	chunked/Input/Ger-188.wav	[-567.41974 -567.41974 -567.41974 ...    0.         0.         0.     ]	chunked/Output/Eng-188.wav	[-563.4808 -563.4808 -563.4808 ...    0.        0.        0.    ]
107	chunked/Input/Ger-189.wav	[-574.4188 -574.4188 -574.4188 ...    0.        0.        0.    ]	chunked/Output/Eng-189.wav	[-567.595 -567.595 -567.595 ...    0.       0.       0.   ]
108	chunked/Input/Ger-19.wav	[-609.721 -609.721 -609.721 ...    0.       0.       0.   ]	chunked/Output/Eng-19.wav	[-528.8684 -528.8684 -528.8684 ...    0.        0.        0.    ]
109	chunked/Input/Ger-190.wav	[-560.09186 -560.09186 -560.09186 ...    0.         0.         0.     ]	chunked/Output/Eng-190.wav	[-496.1246 -496.1246 -496.1246 ...    0.        0.        0.    ]
110	chunked/Input/Ger-191.wav	[-564.84326 -564.84326 -564.84326 ...    0.         0.         0.     ]	chunked/Output/Eng-191.wav	[-546.2487 -546.2487 -546.2487 ...    0.        0.        0.    ]
111	chunked/Input/Ger-192.wav	[-511.30276 -511.30276 -511.30276 ...    0.         0.         0.     ]	chunked/Output/Eng-192.wav	[-504.6275 -504.6275 -504.6275 ...    0.        0.        0.    ]
112	chunked/Input/Ger-193.wav	[-531.4333 -531.4333 -531.4333 ...    0.        0.        0.    ]	chunked/Output/Eng-193.wav	[-571.41595 -571.41595 -571.41595 ...    0.         0.         0.     ]
113	chunked/Input/Ger-194.wav	[-596.3755 -596.3755 -596.3755 ...    0.        0.        0.    ]	chunked/Output/Eng-194.wav	[-546.60754 -546.60754 -546.60754 ...    0.         0.         0.     ]
114	chunked/Input/Ger-195.wav	[-595.2242 -595.2242 -595.2242 ...    0.        0.        0.    ]	chunked/Output/Eng-195.wav	[-547.1861 -547.1861 -547.1861 ...    0.        0.        0.    ]
115	chunked/Input/Ger-196.wav	[-532.74927 -532.74927 -532.74927 ...    0.         0.         0.     ]	chunked/Output/Eng-196.wav	[-497.58984 -497.58984 -497.58984 ...    0.         0.         0.     ]
116	chunked/Input/Ger-197.wav	[-532.399 -532.399 -532.399 ...    0.       0.       0.   ]	chunked/Output/Eng-197.wav	[-507.05148 -507.05148 -507.05148 ...    0.         0.         0.     ]
117	chunked/Input/Ger-198.wav	[-562.00256 -562.00256 -562.00256 ...    0.         0.         0.     ]	chunked/Output/Eng-198.wav	[-514.40564 -514.40564 -514.40564 ...    0.         0.         0.     ]
118	chunked/Input/Ger-20.wav	[-573.3457 -573.3457 -573.3457 ...    0.        0.        0.    ]	chunked/Output/Eng-20.wav	[-510.52164 -510.52164 -510.52164 ...    0.         0.         0.     ]
119	chunked/Input/Ger-21.wav	[-550.8987 -550.8987 -550.8987 ...    0.        0.        0.    ]	chunked/Output/Eng-21.wav	[-532.2677 -532.2677 -532.2677 ...    0.        0.        0.    ]
120	chunked/Input/Ger-22.wav	[-525.06647 -525.06647 -525.06647 ...    0.         0.         0.     ]	chunked/Output/Eng-22.wav	[-578.79504 -578.79504 -578.79504 ...    0.         0.         0.     ]
121	chunked/Input/Ger-23.wav	[-554.7232 -554.7232 -554.7232 ...    0.        0.        0.    ]	chunked/Output/Eng-23.wav	[-564.0378 -564.0378 -564.0378 ...    0.        0.        0.    ]
122	chunked/Input/Ger-24.wav	[-507.1607 -507.1607 -507.1607 ...    0.        0.        0.    ]	chunked/Output/Eng-24.wav	[-557.4763 -557.4763 -557.4763 ...    0.        0.        0.    ]
123	chunked/Input/Ger-25.wav	[-587.7629 -587.7629 -587.7629 ...    0.        0.        0.    ]	chunked/Output/Eng-25.wav	[-577.39465 -577.39465 -577.39465 ...    0.         0.         0.     ]
124	chunked/Input/Ger-26.wav	[-514.5151 -514.5151 -514.5151 ...    0.        0.        0.    ]	chunked/Output/Eng-26.wav	[-500.75006 -500.75006 -500.75006 ...    0.         0.         0.     ]
125	chunked/Input/Ger-27.wav	[-565.7379 -565.7379 -565.7379 ...    0.        0.        0.    ]	chunked/Output/Eng-27.wav	[-540.23285 -540.23285 -540.23285 ...    0.         0.         0.     ]
126	chunked/Input/Ger-28.wav	[-513.13196 -513.13196 -513.13196 ...    0.         0.         0.     ]	chunked/Output/Eng-28.wav	[-549.0159 -549.0159 -549.0159 ...    0.        0.        0.    ]
127	chunked/Input/Ger-29.wav	[-539.6137 -539.6137 -539.6137 ...    0.        0.        0.    ]	chunked/Output/Eng-29.wav	[-510.3707 -510.3707 -510.3707 ...    0.        0.        0.    ]
128	chunked/Input/Ger-30.wav	[-470.65707 -470.65707 -470.65707 ...    0.         0.         0.     ]	chunked/Output/Eng-30.wav	[-561.3145 -561.3145 -561.3145 ...    0.        0.        0.    ]
129	chunked/Input/Ger-31.wav	[-574.3568 -574.3568 -574.3568 ...    0.        0.        0.    ]	chunked/Output/Eng-31.wav	[-534.16235 -534.16235 -534.16235 ...    0.         0.         0.     ]
130	chunked/Input/Ger-32.wav	[-535.87054 -535.87054 -535.87054 ...    0.         0.         0.     ]	chunked/Output/Eng-32.wav	[-501.1165 -501.1165 -501.1165 ...    0.        0.        0.    ]
131	chunked/Input/Ger-33.wav	[-545.1116 -545.1116 -545.1116 ...    0.        0.        0.    ]	chunked/Output/Eng-33.wav	[-513.66846 -513.66846 -513.66846 ...    0.         0.         0.     ]
132	chunked/Input/Ger-34.wav	[-505.40228 -505.40228 -505.40228 ...    0.         0.         0.     ]	chunked/Output/Eng-34.wav	[-544.0648 -544.0648 -544.0648 ...    0.        0.        0.    ]
133	chunked/Input/Ger-35.wav	[-508.7805 -508.7805 -508.7805 ...    0.        0.        0.    ]	chunked/Output/Eng-35.wav	[-527.01166 -527.01166 -527.01166 ...    0.         0.         0.     ]
134	chunked/Input/Ger-36.wav	[-496.9673 -496.9673 -496.9673 ...    0.        0.        0.    ]	chunked/Output/Eng-36.wav	[-535.4172 -535.4172 -535.4172 ...    0.        0.        0.    ]
135	chunked/Input/Ger-37.wav	[-521.1935 -521.1935 -521.1935 ...    0.        0.        0.    ]	chunked/Output/Eng-37.wav	[-544.2569 -544.2569 -544.2569 ...    0.        0.        0.    ]
136	chunked/Input/Ger-38.wav	[-540.52734 -540.52734 -540.52734 ...    0.         0.         0.     ]	chunked/Output/Eng-38.wav	[-485.04913 -485.04913 -485.04913 ...    0.         0.         0.     ]
137	chunked/Input/Ger-39.wav	[-552.6088 -552.6088 -552.6088 ...    0.        0.        0.    ]	chunked/Output/Eng-39.wav	[-517.3981 -517.3981 -517.3981 ...    0.        0.        0.    ]
138	chunked/Input/Ger-40.wav	[-550.27057 -550.27057 -550.27057 ...    0.         0.         0.     ]	chunked/Output/Eng-40.wav	[-537.38684 -537.38684 -537.38684 ...    0.         0.         0.     ]
139	chunked/Input/Ger-41.wav	[-590.10114 -590.10114 -590.10114 ...    0.         0.         0.     ]	chunked/Output/Eng-41.wav	[-529.54626 -529.54626 -529.54626 ...    0.         0.         0.     ]
140	chunked/Input/Ger-42.wav	[-487.82895 -487.82895 -487.82895 ...    0.         0.         0.     ]	chunked/Output/Eng-42.wav	[-566.3 -566.3 -566.3 ...    0.     0.     0. ]
141	chunked/Input/Ger-43.wav	[-531.98663 -531.98663 -531.98663 ...    0.         0.         0.     ]	chunked/Output/Eng-43.wav	[-550.10187 -550.10187 -550.10187 ...    0.         0.         0.     ]
142	chunked/Input/Ger-44.wav	[-553.64026 -553.64026 -553.64026 ...    0.         0.         0.     ]	chunked/Output/Eng-44.wav	[-493.03326 -493.03326 -493.03326 ...    0.         0.         0.     ]
143	chunked/Input/Ger-45.wav	[-551.9564 -551.9564 -551.9564 ...    0.        0.        0.    ]	chunked/Output/Eng-45.wav	[-530.68823 -530.68823 -530.68823 ...    0.         0.         0.     ]
144	chunked/Input/Ger-46.wav	[-554.4795 -554.4795 -554.4795 ...    0.        0.        0.    ]	chunked/Output/Eng-46.wav	[-558.615 -558.615 -558.615 ...    0.       0.       0.   ]
145	chunked/Input/Ger-47.wav	[-531.6901 -531.6901 -531.6901 ...    0.        0.        0.    ]	chunked/Output/Eng-47.wav	[-495.55756 -495.55756 -495.55756 ...    0.         0.         0.     ]
146	chunked/Input/Ger-48.wav	[-519.3035 -519.3035 -519.3035 ...    0.        0.        0.    ]	chunked/Output/Eng-48.wav	[-510.12537 -510.12537 -510.12537 ...    0.         0.         0.     ]
147	chunked/Input/Ger-49.wav	[-520.22955 -520.22955 -520.22955 ...    0.         0.         0.     ]	chunked/Output/Eng-49.wav	"[-163.23067   -87.153145  -62.92813  ...    0.          0.
    0.      ]"
148	chunked/Input/Ger-50.wav	[-507.35693 -507.35693 -507.35693 ...    0.         0.         0.     ]	chunked/Output/Eng-50.wav	[-530.9354 -530.9354 -530.9354 ...    0.        0.        0.    ]
149	chunked/Input/Ger-51.wav	[-504.77744 -504.77744 -504.77744 ...    0.         0.         0.     ]	chunked/Output/Eng-51.wav	[-525.31165 -525.31165 -525.31165 ...    0.         0.         0.     ]
150	chunked/Input/Ger-52.wav	[-538.14594 -538.14594 -538.14594 ...    0.         0.         0.     ]	chunked/Output/Eng-52.wav	[-589.6385 -589.6385 -589.6385 ...    0.        0.        0.    ]
151	chunked/Input/Ger-53.wav	[-576.5329 -576.5329 -576.5329 ...    0.        0.        0.    ]	chunked/Output/Eng-53.wav	[-521.3246 -521.3246 -521.3246 ...    0.        0.        0.    ]
152	chunked/Input/Ger-54.wav	[-512.0354 -512.0354 -512.0354 ...    0.        0.        0.    ]	chunked/Output/Eng-54.wav	[-546.2132 -546.2132 -546.2132 ...    0.        0.        0.    ]
153	chunked/Input/Ger-55.wav	[-518.6985 -518.6985 -518.6985 ...    0.        0.        0.    ]	chunked/Output/Eng-55.wav	[-521.0889 -521.0889 -521.0889 ...    0.        0.        0.    ]
154	chunked/Input/Ger-56.wav	[-513.8604 -513.8604 -513.8604 ...    0.        0.        0.    ]	chunked/Output/Eng-56.wav	[-525.17694 -525.17694 -525.17694 ...    0.         0.         0.     ]
155	chunked/Input/Ger-57.wav	[-480.35327 -480.35327 -480.35327 ...    0.         0.         0.     ]	chunked/Output/Eng-57.wav	[-567.11633 -567.11633 -567.11633 ...    0.         0.         0.     ]
156	chunked/Input/Ger-58.wav	[-571.41656 -571.41656 -571.41656 ...    0.         0.         0.     ]	chunked/Output/Eng-58.wav	[-566.02954 -566.02954 -566.02954 ...    0.         0.         0.     ]
157	chunked/Input/Ger-59.wav	[-518.6719 -518.6719 -518.6719 ...    0.        0.        0.    ]	chunked/Output/Eng-59.wav	[-622.2592 -622.2592 -622.2592 ...    0.        0.        0.    ]
158	chunked/Input/Ger-60.wav	[-551.1146 -551.1146 -551.1146 ...    0.        0.        0.    ]	chunked/Output/Eng-60.wav	[-530.0863 -530.0863 -530.0863 ...    0.        0.        0.    ]
159	chunked/Input/Ger-61.wav	[-617.8604 -617.8604 -617.8604 ...    0.        0.        0.    ]	chunked/Output/Eng-61.wav	[-553.30005 -553.30005 -553.30005 ...    0.         0.         0.     ]
160	chunked/Input/Ger-62.wav	[-545.2121 -545.2121 -545.2121 ...    0.        0.        0.    ]	chunked/Output/Eng-62.wav	[-533.35205 -533.35205 -533.35205 ...    0.         0.         0.     ]
161	chunked/Input/Ger-63.wav	[-537.0128 -537.0128 -537.0128 ...    0.        0.        0.    ]	chunked/Output/Eng-63.wav	[-558.29626 -558.29626 -558.29626 ...    0.         0.         0.     ]
162	chunked/Input/Ger-64.wav	[-557.18256 -557.18256 -557.18256 ...    0.         0.         0.     ]	chunked/Output/Eng-64.wav	[-521.01666 -521.01666 -521.01666 ...    0.         0.         0.     ]
163	chunked/Input/Ger-65.wav	[-543.80334 -543.80334 -543.80334 ...    0.         0.         0.     ]	chunked/Output/Eng-65.wav	[-549.20166 -549.20166 -549.20166 ...    0.         0.         0.     ]
164	chunked/Input/Ger-66.wav	[-516.1106 -516.1106 -516.1106 ...    0.        0.        0.    ]	chunked/Output/Eng-66.wav	[-517.116 -517.116 -517.116 ...    0.       0.       0.   ]
165	chunked/Input/Ger-67.wav	[-571.37024 -571.37024 -571.37024 ...    0.         0.         0.     ]	chunked/Output/Eng-67.wav	[-532.9842 -532.9842 -532.9842 ...    0.        0.        0.    ]
166	chunked/Input/Ger-68.wav	[-531.28687 -531.28687 -531.28687 ...    0.         0.         0.     ]	chunked/Output/Eng-68.wav	[-551.1553 -551.1553 -551.1553 ...    0.        0.        0.    ]
167	chunked/Input/Ger-69.wav	[-558.2345 -558.2345 -558.2345 ...    0.        0.        0.    ]	chunked/Output/Eng-69.wav	[-525.86304 -525.86304 -525.86304 ...    0.         0.         0.     ]
168	chunked/Input/Ger-70.wav	[-509.77048 -509.77048 -509.77048 ...    0.         0.         0.     ]	chunked/Output/Eng-70.wav	[-553.13403 -553.13403 -553.13403 ...    0.         0.         0.     ]
169	chunked/Input/Ger-71.wav	[-542.3215 -542.3215 -542.3215 ...    0.        0.        0.    ]	chunked/Output/Eng-71.wav	[-527.82855 -527.82855 -527.82855 ...    0.         0.         0.     ]
170	chunked/Input/Ger-72.wav	[-538.7265 -538.7265 -538.7265 ...    0.        0.        0.    ]	chunked/Output/Eng-72.wav	[-558.5504 -558.5504 -558.5504 ...    0.        0.        0.    ]
171	chunked/Input/Ger-73.wav	[-555.02496 -555.02496 -555.02496 ...    0.         0.         0.     ]	chunked/Output/Eng-73.wav	[-500.90033 -500.90033 -500.90033 ...    0.         0.         0.     ]
172	chunked/Input/Ger-74.wav	[-613.84467 -613.84467 -613.84467 ...    0.         0.         0.     ]	chunked/Output/Eng-74.wav	[-515.82056 -515.82056 -515.82056 ...    0.         0.         0.     ]
173	chunked/Input/Ger-75.wav	[-533.0304 -533.0304 -533.0304 ...    0.        0.        0.    ]	chunked/Output/Eng-75.wav	[-524.2031 -524.2031 -524.2031 ...    0.        0.        0.    ]
174	chunked/Input/Ger-76.wav	[-550.7847 -550.7847 -550.7847 ...    0.        0.        0.    ]	chunked/Output/Eng-76.wav	[-505.22983 -505.22983 -505.22983 ...    0.         0.         0.     ]
175	chunked/Input/Ger-77.wav	[-544.3274 -544.3274 -544.3274 ...    0.        0.        0.    ]	chunked/Output/Eng-77.wav	[-517.7452 -517.7452 -517.7452 ...    0.        0.        0.    ]
176	chunked/Input/Ger-78.wav	[-510.43286 -510.43286 -510.43286 ...    0.         0.         0.     ]	chunked/Output/Eng-78.wav	[-523.48 -523.48 -523.48 ...    0.      0.      0.  ]
177	chunked/Input/Ger-79.wav	[-573.2433 -573.2433 -573.2433 ...    0.        0.        0.    ]	chunked/Output/Eng-79.wav	[-488.82074 -488.82074 -488.82074 ...    0.         0.         0.     ]
178	chunked/Input/Ger-80.wav	[-516.21356 -516.21356 -516.21356 ...    0.         0.         0.     ]	chunked/Output/Eng-80.wav	[-494.40042 -494.40042 -494.40042 ...    0.         0.         0.     ]
179	chunked/Input/Ger-81.wav	[-537.22815 -537.22815 -537.22815 ...    0.         0.         0.     ]	chunked/Output/Eng-81.wav	[-550.47833 -550.47833 -550.47833 ...    0.         0.         0.     ]
180	chunked/Input/Ger-82.wav	[-528.6994 -528.6994 -528.6994 ...    0.        0.        0.    ]	chunked/Output/Eng-82.wav	[-507.69583 -507.69583 -507.69583 ...    0.         0.         0.     ]
181	chunked/Input/Ger-83.wav	[-528.07404 -528.07404 -528.07404 ...    0.         0.         0.     ]	chunked/Output/Eng-83.wav	[-554.2579 -554.2579 -554.2579 ...    0.        0.        0.    ]
182	chunked/Input/Ger-84.wav	[-534.2936 -534.2936 -534.2936 ...    0.        0.        0.    ]	chunked/Output/Eng-84.wav	[-535.7095 -535.7095 -535.7095 ...    0.        0.        0.    ]
183	chunked/Input/Ger-85.wav	[-555.15814 -555.15814 -555.15814 ...    0.         0.         0.     ]	chunked/Output/Eng-85.wav	[-507.3403 -507.3403 -507.3403 ...    0.        0.        0.    ]
184	chunked/Input/Ger-86.wav	[-560.6083 -560.6083 -560.6083 ...    0.        0.        0.    ]	chunked/Output/Eng-86.wav	[-532.53107 -532.53107 -532.53107 ...    0.         0.         0.     ]
185	chunked/Input/Ger-87.wav	[-522.8236 -522.8236 -522.8236 ...    0.        0.        0.    ]	chunked/Output/Eng-87.wav	[-539.6654 -539.6654 -539.6654 ...    0.        0.        0.    ]
186	chunked/Input/Ger-88.wav	[-549.0851 -549.0851 -549.0851 ...    0.        0.        0.    ]	chunked/Output/Eng-88.wav	[-549.87854 -549.87854 -549.87854 ...    0.         0.         0.     ]
187	chunked/Input/Ger-89.wav	[-519.6175 -519.6175 -519.6175 ...    0.        0.        0.    ]	chunked/Output/Eng-89.wav	[-517.94916 -517.94916 -517.94916 ...    0.         0.         0.     ]
188	chunked/Input/Ger-90.wav	[-509.00467 -509.00467 -509.00467 ...    0.         0.         0.     ]	chunked/Output/Eng-90.wav	[-530.73865 -530.73865 -530.73865 ...    0.         0.         0.     ]
189	chunked/Input/Ger-91.wav	[-547.15497 -547.15497 -547.15497 ...    0.         0.         0.     ]	chunked/Output/Eng-91.wav	[-471.55753 -471.55753 -471.55753 ...    0.         0.         0.     ]
190	chunked/Input/Ger-92.wav	[-539.3842 -539.3842 -539.3842 ...    0.        0.        0.    ]	chunked/Output/Eng-92.wav	[-533.91754 -533.91754 -533.91754 ...    0.         0.         0.     ]
191	chunked/Input/Ger-93.wav	[-507.25443 -459.90164 -360.48825 ...    0.         0.         0.     ]	chunked/Output/Eng-93.wav	"[-519.2238    -503.3947    -374.0923    ...   -4.9497414   -0.7879776
    6.285796 ]"
192	chunked/Input/Ger-94.wav	[-522.19635 -522.19635 -522.19635 ...    0.         0.         0.     ]	chunked/Output/Eng-94.wav	[-520.7155  -514.2685  -227.32082 ...    0.         0.         0.     ]
193	chunked/Input/Ger-95.wav	[-535.4982 -535.4982 -535.4982 ...    0.        0.        0.    ]	chunked/Output/Eng-95.wav	[-540.6564 -540.6564 -540.6564 ...    0.        0.        0.    ]
194	chunked/Input/Ger-96.wav	[-520.9608 -520.9608 -520.9608 ...    0.        0.        0.    ]	chunked/Output/Eng-96.wav	[-485.84995 -485.84995 -485.84995 ...    0.         0.         0.     ]
195	chunked/Input/Ger-97.wav	[-551.5568 -551.5568 -551.5568 ...    0.        0.        0.    ]	chunked/Output/Eng-97.wav	[-527.0255 -527.0255 -527.0255 ...    0.        0.        0.    ]
196	chunked/Input/Ger-98.wav	[-503.3525 -503.3525 -503.3525 ...    0.        0.        0.    ]	chunked/Output/Eng-98.wav	[-529.65643 -529.65643 -529.65643 ...    0.         0.         0.     ]
197	chunked/Input/Ger-99.wav	[-513.91473 -513.91473 -513.91473 ...    0.         0.         0.     ]	chunked/Output/Eng-99.wav	[-516.4907 -516.4907 -516.4907 ...    0.        0.        0.    ]
